hong1,1
hong2,2
hong3,3
hong4,4
hong5,5
hong6,6
hong7,7
hong8,8
hong9,9
hong10,10
hong11,11
hong12,12
hong13,13
hong14,14
hong15,15
hong16,16
hong17,17
hong18,18
hong19,19
hong20,20
hong21,21
hong22,22
hong23,23
hong24,24
hong25,25
hong26,26
hong27,27
hong28,28
hong29,29
hong30,30
hong31,31
hong32,32
hong33,33
hong34,34
hong35,35
hong36,36
hong37,37
hong38,38
hong39,39
hong40,40
hong41,41
hong42,42
hong43,43
hong44,44
hong45,45
hong46,46
hong47,47
hong48,48
hong49,49
hong50,50
hong51,51
hong52,52
hong53,53
hong54,54
hong55,55
hong56,56
hong57,57
hong58,58
hong59,59
hong60,60
hong61,61
hong62,62
hong63,63
hong64,64
hong65,65
hong66,66
hong67,67
hong68,68
hong69,69
hong70,70
hong71,71
hong72,72
hong73,73
hong74,74
hong75,75
hong76,76
hong77,77
hong78,78
hong79,79
hong80,80
hong81,81
hong82,82
hong83,83
hong84,84
hong85,85
hong86,86
hong87,87
hong88,88
hong89,89
hong90,90
hong91,91
hong92,92
hong93,93
hong94,94
hong95,95
hong96,96
hong97,97
hong98,98
hong99,99
hong100,100
hong101,101
hong102,102
hong103,103
hong104,104
hong105,105
hong106,106
hong107,107
hong108,108
hong109,109
hong110,110
hong111,111
hong112,112
hong113,113
hong114,114
hong115,115
hong116,116
hong117,117
hong118,118
hong119,119
hong120,120
hong121,121
hong122,122
hong123,123
hong124,124
hong125,125
hong126,126
hong127,127
hong128,128
hong129,129
hong130,130
hong131,131
hong132,132
hong133,133
hong134,134
hong135,135
hong136,136
hong137,137
hong138,138
hong139,139
hong140,140
hong141,141
hong142,142
hong143,143
hong144,144
hong145,145
hong146,146
hong147,147
hong148,148
hong149,149
hong150,150
hong151,151
hong152,152
hong153,153
hong154,154
hong155,155
hong156,156
hong157,157
hong158,158
hong159,159
hong160,160
hong161,161
hong162,162
hong163,163
hong164,164
hong165,165
hong166,166
hong167,167
hong168,168
hong169,169
hong170,170
hong171,171
hong172,172
hong173,173
hong174,174
hong175,175
hong176,176
hong177,177
hong178,178
hong179,179
hong180,180
hong181,181
hong182,182
hong183,183
hong184,184
hong185,185
hong186,186
hong187,187
hong188,188
hong189,189
hong190,190
hong191,191
hong192,192
hong193,193
hong194,194
hong195,195
hong196,196
hong197,197
hong198,198
hong199,199
hong200,200
hong201,201
hong202,202
hong203,203
hong204,204
hong205,205
hong206,206
hong207,207
hong208,208
hong209,209
hong210,210
hong211,211
hong212,212
hong213,213
hong214,214
hong215,215
hong216,216
hong217,217
hong218,218
hong219,219
hong220,220
hong221,221
hong222,222
hong223,223
hong224,224
hong225,225
hong226,226
hong227,227
hong228,228
hong229,229
hong230,230
hong231,231
hong232,232
hong233,233
hong234,234
hong235,235
hong236,236
hong237,237
hong238,238
hong239,239
hong240,240
hong241,241
hong242,242
hong243,243
hong244,244
hong245,245
hong246,246
hong247,247
hong248,248
hong249,249
hong250,250
hong251,251
hong252,252
hong253,253
hong254,254
hong255,255
hong256,256
hong257,257
hong258,258
hong259,259
hong260,260
hong261,261
hong262,262
hong263,263
hong264,264
hong265,265
hong266,266
hong267,267
hong268,268
hong269,269
hong270,270
hong271,271
hong272,272
hong273,273
hong274,274
hong275,275
hong276,276
hong277,277
hong278,278
hong279,279
hong280,280
hong281,281
hong282,282
hong283,283
hong284,284
hong285,285
hong286,286
hong287,287
hong288,288
hong289,289
hong290,290
hong291,291
hong292,292
hong293,293
hong294,294
hong295,295
hong296,296
hong297,297
hong298,298
hong299,299
hong300,300
hong301,301
hong302,302
hong303,303
hong304,304
hong305,305
hong306,306
hong307,307
hong308,308
hong309,309
hong310,310
hong311,311
hong312,312
hong313,313
hong314,314
hong315,315
hong316,316
hong317,317
hong318,318
hong319,319
hong320,320
hong321,321
hong322,322
hong323,323
hong324,324
hong325,325
hong326,326
hong327,327
hong328,328
hong329,329
hong330,330
hong331,331
hong332,332
hong333,333
hong334,334
hong335,335
hong336,336
hong337,337
hong338,338
hong339,339
hong340,340
hong341,341
hong342,342
hong343,343
hong344,344
hong345,345
hong346,346
hong347,347
hong348,348
hong349,349
hong350,350
hong351,351
hong352,352
hong353,353
hong354,354
hong355,355
hong356,356
hong357,357
hong358,358
hong359,359
hong360,360
hong361,361
hong362,362
hong363,363
hong364,364
hong365,365
hong366,366
hong367,367
hong368,368
hong369,369
hong370,370
hong371,371
hong372,372
hong373,373
hong374,374
hong375,375
hong376,376
hong377,377
hong378,378
hong379,379
hong380,380
hong381,381
hong382,382
hong383,383
hong384,384
hong385,385
hong386,386
hong387,387
hong388,388
hong389,389
hong390,390
hong391,391
hong392,392
hong393,393
hong394,394
hong395,395
hong396,396
hong397,397
hong398,398
hong399,399
hong400,400
hong401,401
hong402,402
hong403,403
hong404,404
hong405,405
hong406,406
hong407,407
hong408,408
hong409,409
hong410,410
hong411,411
hong412,412
hong413,413
hong414,414
hong415,415
hong416,416
hong417,417
hong418,418
hong419,419
hong420,420
hong421,421
hong422,422
hong423,423
hong424,424
hong425,425
hong426,426
hong427,427
hong428,428
hong429,429
hong430,430
hong431,431
hong432,432
hong433,433
hong434,434
hong435,435
hong436,436
hong437,437
hong438,438
hong439,439
hong440,440
hong441,441
hong442,442
hong443,443
hong444,444
hong445,445
hong446,446
hong447,447
hong448,448
hong449,449
hong450,450
hong451,451
hong452,452
hong453,453
hong454,454
hong455,455
hong456,456
hong457,457
hong458,458
hong459,459
hong460,460
hong461,461
hong462,462
hong463,463
hong464,464
hong465,465
hong466,466
hong467,467
hong468,468
hong469,469
hong470,470
hong471,471
hong472,472
hong473,473
hong474,474
hong475,475
hong476,476
hong477,477
hong478,478
hong479,479
hong480,480
hong481,481
hong482,482
hong483,483
hong484,484
hong485,485
hong486,486
hong487,487
hong488,488
hong489,489
hong490,490
hong491,491
hong492,492
hong493,493
hong494,494
hong495,495
hong496,496
hong497,497
hong498,498
hong499,499
hong500,500
